Leanne Graham,Gwenborough,"{'lat': '-37.3159', 'lng': '81.1496'}",Romaguera-Crona
Ervin Howell,Wisokyburgh,"{'lat': '-43.9509', 'lng': '-34.4618'}",Deckow-Crist
Clementine Bauch,McKenziehaven,"{'lat': '-68.6102', 'lng': '-47.0653'}",Romaguera-Jacobson
Patricia Lebsack,South Elvis,"{'lat': '29.4572', 'lng': '-164.2990'}",Robel-Corkery
Chelsey Dietrich,Roscoeview,"{'lat': '-31.8129', 'lng': '62.5342'}",Keebler LLC
Mrs. Dennis Schulist,South Christy,"{'lat': '-71.4197', 'lng': '71.7478'}",Considine-Lockman
Kurtis Weissnat,Howemouth,"{'lat': '24.8918', 'lng': '21.8984'}",Johns Group
Nicholas Runolfsdottir V,Aliyaview,"{'lat': '-14.3990', 'lng': '-120.7677'}",Abernathy Group
Glenna Reichert,Bartholomebury,"{'lat': '24.6463', 'lng': '-168.8889'}",Yost and Sons
Clementina DuBuque,Lebsackbury,"{'lat': '-38.2386', 'lng': '57.2232'}",Hoeger LLC
